{
    "providers": [
        {
            "type": "bitmap",
            "chars": ["-"],
            "ascent": -32768,
            "height": -10,
            "file": "fb:gui/space.png"
        },
        {
            "type": "bitmap",
            "chars": ["g"],
            "ascent": 38,
            "height": 96,
            "file": "fb:gui/spawner.png"
        },
        {
            "type": "bitmap",
            "chars": ["0"],
            "ascent": 13,
            "height": 71,
            "file": "fb:gui/cutter.png"
        },
        {
            "type": "bitmap",
            "chars": ["1"],
            "ascent": 23,
            "height": 81,
            "file": "fb:gui/furnace.png"
        },
        {
            "type": "bitmap",
            "chars": ["2"],
            "ascent": 23,
            "height": 81,
            "file": "fb:gui/crafter_2.png"
        },
        {
            "type": "bitmap",
            "chars": ["3"],
            "ascent": 23,
            "height": 81,
            "file": "fb:gui/crafter_3.png"
        },
        {
            "type": "bitmap",
            "chars": ["4"],
            "ascent": 23,
            "height": 81,
            "file": "fb:gui/washer.png"
        },
        {
            "type": "bitmap",
            "chars": ["5"],
            "ascent": 38,
            "height": 96,
            "file": "fb:gui/crusher.png"
        },
        {
            "type": "bitmap",
            "chars": ["6"],
            "ascent": 23,
            "height": 81,
            "file": "fb:gui/flashbaker.png"
        },
        {
            "type": "bitmap",
            "chars": ["7"],
            "ascent": 23,
            "height": 81,
            "file": "fb:gui/sonic_zapper.png"
        },
        {
            "type": "bitmap",
            "chars": ["8"],
            "ascent": 23,
            "height": 81,
            "file": "fb:gui/enchanter.png"
        }
    ]
}