{
    "elements": [
        {
			"from": [0, 0, 0],
			"to": [16, 6, 1],
            "faces": {
                "up": {"texture": "#base"},
                "down": {"texture": "#base"},
                "east": {"texture": "#base"},
                "west": {"texture": "#base"},
                "north": {"texture": "#base"},
                "south": {"texture": "#base"}
			}
		},
        {
			"from": [0, 0, 15],
			"to": [16, 6, 16],
            "faces": {
                "up": {"texture": "#base"},
                "down": {"texture": "#base"},
                "east": {"texture": "#base"},
                "west": {"texture": "#base"},
                "north": {"texture": "#base"},
                "south": {"texture": "#base"}
			}
		},
        {
			"from": [0, 0, 1],
			"to": [1, 6, 15],
            "faces": {
                "up": {"texture": "#base"},
                "down": {"texture": "#base"},
                "east": {"texture": "#base"},
                "west": {"texture": "#base"}
			}
		},
        {
			"from": [15, 0, 1],
			"to": [16, 6, 15],
            "faces": {
                "up": {"texture": "#base"},
                "down": {"texture": "#base"},
                "east": {"texture": "#base"},
                "west": {"texture": "#base"}
			}
		}
    ],
    "textures": {
        "particle": "block/white_concrete",
        "base": "block/white_concrete"
    },
    "ambientocclusion": false
}