{
    "elements": [
        {
            "from": [0,0,0],
            "to": [16,16,16],
            "faces": {
                "up": { "texture": "#up" },
                "down": { "texture": "#down"},
                "north": { "texture": "#front"},
                "west": { "texture": "#side"},
                "east": { "texture": "#side"},
                "south": { "texture": "#side"}
            }
        },
        {
            "from": [-15.98,0.02,0.02],
            "to": [31.98, 0.98, 15.98],
            "faces": {
                "up": { "texture": "#carpet", "uv": [0, 0, 16, 16] },
                "down": { "texture": "#carpet", "uv": [0, 0, 16, 16] },
                "north": { "texture": "#carpet", "uv": [0, 0, 16, 1] },
                "south": { "texture": "#carpet", "uv": [0, 0, 16, 1] },
                "east": {"texture": "#wool", "uv": [0, 0, 16, 1] },
                "west": {"texture": "#wool", "uv": [0, 0, 16, 1] }
            }
        },
        {
            "from": [0.02,0.02,16.02],
            "to": [15.98,0.98,31.98],
            "faces": {
                "up": { "texture": "#carpet", "uv": [0, 0, 5.333, 16] },
                "down": { "texture": "#carpet", "uv": [0, 0, 5.333, 16] },
                "south": { "texture": "#wool", "uv": [0, 0, 16, 1] },
                "east": {"texture": "#wool", "uv": [0, 0, 16, 1] },
                "west": {"texture": "#wool", "uv": [0, 0, 16, 1] }
            }
        }
    ],
    "textures": {
        "particle": "fb:block/crafter_3_front",
        "up": "fb:block/crafter_3_up",
        "down": "fb:block/crafter_3_down",
        "side": "fb:block/crafter_3_side",
        "front": "fb:block/crafter_3_front",
        "carpet": "fb:block/pickup_pads",
        "wool": "block/gray_wool"
    }
}