{
    "elements": [
        {
            "from": [0,0,0],
            "to": [16,16,16],
            "faces": {
                "north": {"texture": "#front"},
                "west": {"texture": "#side"},
                "south": {"texture": "#back"},
                "east": {"texture": "#side"},
                "up": {"texture": "#up"},
                "down": {"texture": "#down"}
            }
        },
        {
            "from": [-15.98,0.02,0.02],
            "to": [31.98, 0.98, 15.98],
            "faces": {
                "up": { "texture": "#carpet", "uv": [0, 0, 16, 16] },
                "down": { "texture": "#carpet", "uv": [0, 0, 16, 16] },
                "north": { "texture": "#carpet", "uv": [0, 0, 16, 1] },
                "south": { "texture": "#carpet", "uv": [0, 0, 16, 1] },
                "east": {"texture": "#wool", "uv": [0, 0, 16, 1] },
                "west": {"texture": "#wool", "uv": [0, 0, 16, 1] }
            }
        }
    ],
    "textures": {
        "particle": "fb:block/crafter_2_front",
        "up": "fb:block/crafter_2_up",
        "down": "fb:block/crafter_2_down",
        "side": "fb:block/crafter_2_side",
        "front": "fb:block/crafter_2_front",
        "back": "fb:block/crafter_2_back",
        "carpet": "fb:block/pickup_pads",
        "wool": "block/gray_wool"
    }
}