{
    "elements": [
        {
            "from": [0,0,0],
            "to": [16,16,16],
            "faces": {
                "down": { "texture": "#c_s"},
                "north": { "texture": "#c_f"},
                "west": { "texture": "#c_s"},
                "east": { "texture": "#c_s"},
                "south": { "texture": "#c_s"}
            }
        },
        {
            "from": [0.02,0.02,16.02],
            "to": [15.98,0.98,31.98],
            "faces": {
                "up": { "texture": "#carpet", "uv": [0, 0, 5.333, 16] },
                "down": { "texture": "#carpet", "uv": [0, 0, 5.333, 16] },
                "south": { "texture": "#wool", "uv": [0, 0, 16, 1] },
                "east": {"texture": "#wool", "uv": [0, 0, 16, 1] },
                "west": {"texture": "#wool", "uv": [0, 0, 16, 1] }
            }
        },
        {
            "from": [0,16,0],
            "to": [16,16.98,16],
            "faces": {
                "up": { "texture": "#carpet", "uv": [0, 0, 5.333, 16], "cullface": "up" },
                "south": { "texture": "#wool", "uv": [0, 0, 16, 1], "cullface": "up" },
                "north": { "texture": "#wool", "uv": [0, 0, 16, 1], "cullface": "up" },
                "east": {"texture": "#wool", "uv": [0, 0, 16, 1], "cullface": "up" },
                "west": {"texture": "#wool", "uv": [0, 0, 16, 1], "cullface": "up" }
            }
        }
    ],
    "textures": {
        "particle": "block/smoker_side",
        "c_s": "block/smoker_side",
        "c_f": "fb:block/crusher",
        "carpet": "fb:block/pickup_pads",
        "wool": "block/gray_wool"
    }
}