{   "parent": "block/block",
    "textures": {
        "particle": "block/stonecutter_bottom",
        "bottom": "block/stonecutter_bottom",
        "top": "block/stonecutter_top",
        "side": "block/stonecutter_side",
        "saw": "block/stonecutter_saw"
    },
    "elements": [
        {   "from": [ 0, 0, 0 ],
            "to": [ 16, 9, 16 ],
            "faces": {
                "down":  { "uv": [ 0, 0, 16, 16 ], "texture": "#bottom" },
                "up":    { "uv": [ 0, 0, 16, 16 ], "texture": "#top" },
                "north": { "uv": [ 0, 7, 16, 16 ], "texture": "#side" },
                "south": { "uv": [ 0, 7, 16, 16 ], "texture": "#side" },
                "west":  { "uv": [ 0, 7, 16, 16 ], "texture": "#side" },
                "east":  { "uv": [ 0, 7, 16, 16 ], "texture": "#side" }
            }
        },
        {   "from": [ 1, 9, 8 ],
            "to": [ 15, 12, 8 ],
            "faces": {
                "north": { "uv": [ 1, 13, 15, 16 ], "texture": "#saw", "tintindex": 0 },
                "south": { "uv": [ 15, 13, 1, 16 ], "texture": "#saw", "tintindex": 0 }
            }
        },
        {   "from": [ 2, 12, 8 ],
            "to": [ 14, 14, 8 ],
            "faces": {
                "north": { "uv": [ 2, 11, 14, 13 ], "texture": "#saw", "tintindex": 0 },
                "south": { "uv": [ 14, 11, 2, 13 ], "texture": "#saw", "tintindex": 0 }
            }
        },
        {   "from": [ 3, 14, 8 ],
            "to": [ 13, 15, 8 ],
            "faces": {
                "north": { "uv": [ 3, 10, 13, 11 ], "texture": "#saw", "tintindex": 0 },
                "south": { "uv": [ 13, 10, 3, 11 ], "texture": "#saw", "tintindex": 0 }
            }
        },
        {   "from": [ 5, 15, 8 ],
            "to": [ 11, 16, 8 ],
            "faces": {
                "north": { "uv": [ 5, 9, 11, 10 ], "texture": "#saw", "tintindex": 0 },
                "south": { "uv": [ 11, 9, 5, 10 ], "texture": "#saw", "tintindex": 0 }
            }
        }
    ]
}
