{
    "textures": {
        "particle": "block/enchanting_table_bottom",
        "bottom": "block/enchanting_table_bottom",
        "top": "block/enchanting_table_top",
        "front": "fb:block/enchanter",
        "side": "block/enchanting_table_side",
        "carpet": "fb:block/pickup_pads",
        "wool": "block/gray_wool"
    },
    "elements": [
        {   "from": [ 0, 0, 0 ],
            "to": [ 16, 12, 16 ],
            "faces": {
                "down":  { "uv": [ 0, 0, 16, 16 ], "texture": "#bottom"},
                "up":    { "uv": [ 0, 0, 16, 16 ], "texture": "#top" },
                "north": { "uv": [ 0, 4, 16, 16 ], "texture": "#front"},
                "south": { "uv": [ 0, 4, 16, 16 ], "texture": "#side"},
                "west":  { "uv": [ 0, 4, 16, 16 ], "texture": "#side"},
                "east":  { "uv": [ 0, 4, 16, 16 ], "texture": "#side"}
            }
        },
        {
            "from": [-15.98,0.02,0.02],
            "to": [31.98, 0.98, 15.98],
            "faces": {
                "up": { "texture": "#carpet", "uv": [0, 0, 16, 16] },
                "down": { "texture": "#carpet", "uv": [0, 0, 16, 16] },
                "north": { "texture": "#carpet", "uv": [0, 0, 16, 1] },
                "south": { "texture": "#carpet", "uv": [0, 0, 16, 1] },
                "east": {"texture": "#wool", "uv": [0, 0, 16, 1] },
                "west": {"texture": "#wool", "uv": [0, 0, 16, 1] }
            }
        },
        {
            "from": [0.02,0.02,16.02],
            "to": [15.98,0.98,31.98],
            "faces": {
                "up": { "texture": "#carpet", "uv": [0, 0, 5.333, 16] },
                "down": { "texture": "#carpet", "uv": [0, 0, 5.333, 16] },
                "south": { "texture": "#wool", "uv": [0, 0, 16, 1] },
                "east": {"texture": "#wool", "uv": [0, 0, 16, 1] },
                "west": {"texture": "#wool", "uv": [0, 0, 16, 1] }
            }
        }
    ]
}
