{
    "elements": [
        {
            "from": [0,0,0],
            "to": [16,16,16],
            "faces": {
                "down": { "texture": "#down"},
                "up": { "uv": [0 ,16, 16, 0], "texture": "#up"},
                "north": { "texture": "#front"},
                "west": { "texture": "#right"},
                "east": { "texture": "#left"},
                "south": { "texture": "#back"}
            }
        },
        {
            "from": [0.02,0.02,16.02],
            "to": [15.98,0.98,31.98],
            "faces": {
                "up": { "texture": "#carpet", "uv": [0, 0, 5.333, 16] },
                "down": { "texture": "#carpet", "uv": [0, 0, 5.333, 16] },
                "south": { "texture": "#wool", "uv": [0, 0, 16, 1] },
                "east": {"texture": "#wool", "uv": [0, 0, 16, 1] },
                "west": {"texture": "#wool", "uv": [0, 0, 16, 1] }
            }
        }
    ],
    "textures": {
        "particle": "fb:block/limiter_front",
        "front": "fb:block/limiter_front",
        "back": "fb:block/limiter_back",
        "left": "fb:block/limiter_left",
        "right": "fb:block/limiter_right",
        "up": "fb:block/limiter_up",
        "down": "fb:block/limiter_down",
        "carpet": "fb:block/pickup_pads",
        "wool": "block/gray_wool"
    }
}