{
    "parent": "block/block",
    "elements": [
        {
			"from": [0, 0, 0],
			"to": [16, 16, 1],
            "faces": {
				"east": {"uv": [15, 0, 16, 16], "texture": "#glass", "cullface": "east"},
				"west": {"uv": [0, 0, 1, 16], "texture": "#glass", "cullface": "west"},
				"up": {"uv": [0, 15, 16, 16], "texture": "#glass", "cullface": "up"},
				"down": {"uv": [0, 0, 16, 1], "texture": "#glass", "cullface": "down"}
			}
		},
		{
			"from": [0, 0, 15],
			"to": [16, 16, 16],
            "faces": {
				"east": {"uv": [0, 0, 1, 16], "texture": "#glass", "cullface": "east"},
				"west": {"uv": [15, 0, 16, 16], "texture": "#glass", "cullface": "west"},
				"up": {"uv": [0, 0, 16, 1], "texture": "#glass", "cullface": "up"},
				"down": {"uv": [0, 15, 16, 16], "texture": "#glass", "cullface": "down"}
			}
		},
		{
			"from": [0, 15, 0],
			"to": [16, 16, 16],
            "faces": {
				"north": {"uv": [0, 0, 16, 1], "texture": "#glass", "cullface": "north"},
				"east": {"uv": [0, 0, 16, 1], "texture": "#glass", "cullface": "east"},
				"south": {"uv": [0, 0, 16, 1], "texture": "#glass", "cullface": "south"},
				"west": {"uv": [0, 0, 16, 1], "texture": "#glass", "cullface": "west"}
			}
		},
		{
			"from": [0, 0, 0],
			"to": [16, 1, 16],
            "faces": {
				"north": {"uv": [0, 15, 16, 16], "texture": "#glass", "cullface": "north"},
				"east": {"uv": [0, 15, 16, 16], "texture": "#glass", "cullface": "east"},
				"south": {"uv": [0, 15, 16, 16], "texture": "#glass", "cullface": "south"},
				"west": {"uv": [0, 15, 16, 16], "texture": "#glass", "cullface": "west"}
			}
		},
		{
			"from": [0, 0, 0],
			"to": [1, 16, 16],
            "faces": {
				"north": {"uv": [15, 0, 16, 16], "texture": "#glass", "cullface": "north"},
				"south": {"uv": [0, 0, 1, 16], "texture": "#glass", "cullface": "south"},
				"up": {"uv": [0, 16, 1, 0], "texture": "#glass", "cullface": "up"},
				"down": {"uv": [0, 16, 1, 0], "texture": "#glass", "cullface": "down"}
			}
		},
		{
			"from": [15, 0, 0],
			"to": [16, 16, 16],
            "faces": {
				"north": {"uv": [0, 0, 1, 16], "texture": "#glass", "cullface": "north"},
				"south": {"uv": [15, 0, 16, 16], "texture": "#glass", "cullface": "south"},
				"up": {"uv": [15, 16, 16, 0], "texture": "#glass", "cullface": "up"},
				"down": {"uv": [15, 16, 16, 0], "texture": "#glass", "cullface": "down"}
			}
		},
        {
            "from": [0.002, 0.002, 0.002],
            "to": [15.998, 3.002, 15.998],
            "faces": {
                "up": {"texture": "#base"},
                "down": {"texture": "#base"},
                "east": {"uv": [0, 0, 16, 3], "texture": "#base", "cullface": "east"},
                "west": {"uv": [0, 0, 16, 3], "texture": "#base", "cullface": "west"},
                "north": {"uv": [0, 0, 16, 3], "texture": "#base", "cullface": "north"},
                "south": {"uv": [0, 0, 16, 3], "texture": "#base", "cullface": "south"}
            }
        },
        {
            "from": [4, 3, 4],
            "to": [12, 11, 12],
            "faces": {
                "up": {"uv": [0, 0, 16, 16], "texture": "#ore"},
                "east": {"uv": [0, 0, 16, 16], "texture": "#ore"},
                "west": {"uv": [0, 0, 16, 16], "texture": "#ore"},
                "north": {"uv": [0, 0, 16, 16], "texture": "#ore"},
                "south": {"uv": [0, 0, 16, 16], "texture": "#ore"}
            }
        }
    ],
    "textures": {
        "particle": "block/glass",
        "glass": "block/glass",
        "base": "block/bedrock"
    },
    "ambientocclusion": false,
	"display": {
        "gui": {
            "rotation": [ 30, 200, 0 ],
            "translation": [ 0, 0, 0],
            "scale":[ 0.625, 0.625, 0.625 ]
        }
	}
}