{
    "parent": "block/block",
    "elements": [
        {   "__comment": "Anvil base",
            "from": [ 5, 3, 5 ],
            "to": [ 11, 5, 11 ],
            "faces": {
                "up":    { "uv": [ 2,  2, 14, 14 ], "texture": "#body", "rotation": 180 },
                "north": { "uv": [ 2, 12, 14, 16 ], "texture": "#body" },
                "south": { "uv": [ 2, 12, 14, 16 ], "texture": "#body" },
                "west":  { "uv": [ 0,  2,  4, 14 ], "texture": "#body", "rotation":  90 },
                "east":  { "uv": [ 4,  2,  0, 14 ], "texture": "#body", "rotation": 270 }
            }
        },
        {   "__comment": "Lower narrow portion",
            "from": [ 6, 5, 5.5 ],
            "to": [ 10, 5.5, 10.5 ],
            "faces": {
                "up":    { "uv": [ 4,  3, 12, 13 ], "texture": "#body", "rotation": 180 },
                "north": { "uv": [ 4, 11, 12, 12 ], "texture": "#body" },
                "south": { "uv": [ 4, 11, 12, 12 ], "texture": "#body" },
                "west":  { "uv": [ 4,  3,  5, 13 ], "texture": "#body", "rotation":  90 },
                "east":  { "uv": [ 5,  3,  4, 13 ], "texture": "#body", "rotation": 270 }
            }
        },
        {   "__comment": "Wider section beneath top portion",
            "from": [ 7, 5.5, 6 ],
            "to": [ 9, 8, 10 ],
            "faces": {
                "north": { "uv": [  6,  6, 10, 11 ], "texture": "#body" },
                "south": { "uv": [  6,  6, 10, 11 ], "texture": "#body" },
                "west":  { "uv": [  5,  4, 10, 12 ], "texture": "#body", "rotation":  90 },
                "east":  { "uv": [ 10,  4,  5, 12 ], "texture": "#body", "rotation": 270 }
            }
        },
        {   "__comment": "Anvil top",
            "from": [ 5.5, 8, 4 ],
            "to": [ 10.5, 11, 12 ],
            "faces": {
                "down":  { "uv": [  3, 0, 13, 16 ], "texture": "#body", "rotation": 180 },
                "up":    { "uv": [  3, 0, 13, 16 ], "texture": "#top",   "rotation": 180 },
                "north": { "uv": [  3, 0, 13,  6 ], "texture": "#body" },
                "south": { "uv": [  3, 0, 13,  6 ], "texture": "#body" },
                "west":  { "uv": [ 10, 0, 16, 16 ], "texture": "#body", "rotation":  90 },
                "east":  { "uv": [ 16, 0, 10, 16 ], "texture": "#body", "rotation": 270 }
            }
        },



        {
			"from": [0, 0, 0],
			"to": [16, 16, 1],
            "faces": {
				"east": {"uv": [15, 0, 16, 16], "texture": "#glass", "cullface": "east"},
				"west": {"uv": [0, 0, 1, 16], "texture": "#glass", "cullface": "west"},
				"up": {"uv": [0, 15, 16, 16], "texture": "#glass", "cullface": "up"},
				"down": {"uv": [0, 0, 16, 1], "texture": "#glass", "cullface": "down"}
			}
		},
		{
			"from": [0, 0, 15],
			"to": [16, 16, 16],
            "faces": {
				"east": {"uv": [0, 0, 1, 16], "texture": "#glass", "cullface": "east"},
				"west": {"uv": [15, 0, 16, 16], "texture": "#glass", "cullface": "west"},
				"up": {"uv": [0, 0, 16, 1], "texture": "#glass", "cullface": "up"},
				"down": {"uv": [0, 15, 16, 16], "texture": "#glass", "cullface": "down"}
			}
		},
		{
			"from": [0, 15, 0],
			"to": [16, 16, 16],
            "faces": {
				"north": {"uv": [0, 0, 16, 1], "texture": "#glass", "cullface": "north"},
				"east": {"uv": [0, 0, 16, 1], "texture": "#glass", "cullface": "east"},
				"south": {"uv": [0, 0, 16, 1], "texture": "#glass", "cullface": "south"},
				"west": {"uv": [0, 0, 16, 1], "texture": "#glass", "cullface": "west"}
			}
		},
		{
			"from": [0, 0, 0],
			"to": [16, 1, 16],
            "faces": {
				"north": {"uv": [0, 15, 16, 16], "texture": "#glass", "cullface": "north"},
				"east": {"uv": [0, 15, 16, 16], "texture": "#glass", "cullface": "east"},
				"south": {"uv": [0, 15, 16, 16], "texture": "#glass", "cullface": "south"},
				"west": {"uv": [0, 15, 16, 16], "texture": "#glass", "cullface": "west"}
			}
		},
		{
			"from": [0, 0, 0],
			"to": [1, 16, 16],
            "faces": {
				"north": {"uv": [15, 0, 16, 16], "texture": "#glass", "cullface": "north"},
				"south": {"uv": [0, 0, 1, 16], "texture": "#glass", "cullface": "south"},
				"up": {"uv": [0, 16, 1, 0], "texture": "#glass", "cullface": "up"},
				"down": {"uv": [0, 16, 1, 0], "texture": "#glass", "cullface": "down"}
			}
		},
		{
			"from": [15, 0, 0],
			"to": [16, 16, 16],
            "faces": {
				"north": {"uv": [0, 0, 1, 16], "texture": "#glass", "cullface": "north"},
				"south": {"uv": [15, 0, 16, 16], "texture": "#glass", "cullface": "south"},
				"up": {"uv": [15, 16, 16, 0], "texture": "#glass", "cullface": "up"},
				"down": {"uv": [15, 16, 16, 0], "texture": "#glass", "cullface": "down"}
			}
		},
        {
            "from": [0.002, 0.002, 0.002],
            "to": [15.998, 3.002, 15.998],
            "faces": {
                "up": {"texture": "#base"},
                "down": {"texture": "#base"},
                "east": {"uv": [0, 0, 16, 3], "texture": "#base", "cullface": "east"},
                "west": {"uv": [0, 0, 16, 3], "texture": "#base", "cullface": "west"},
                "north": {"uv": [0, 0, 16, 3], "texture": "#base", "cullface": "north"},
                "south": {"uv": [0, 0, 16, 3], "texture": "#base", "cullface": "south"}
            }
        }
    ],
    "textures": {
        "top": "minecraft:block/anvil_top",
        "body": "block/anvil",
        
        "particle": "block/glass",
        "glass": "block/glass",
        "base": "block/black_concrete"
    }
}