{
    "parent": "block/block",
    "elements": [
        {
            "from": [7,3,7],
            "to": [9,11,9],
            "faces": {
                "north": {"uv":[0,0,4,8],"texture": "#side"},
                "west": {"uv":[0,0,4,8],"texture": "#side"},
                "south": {"uv":[0,0,4,8],"texture": "#side"},
                "east": {"uv":[0,0,4,8],"texture": "#side"},
                "up": {"uv":[6,6,10,10],"texture": "#top"}
            }
        },
        {
			"from": [0, 0, 0],
			"to": [16, 16, 1],
            "faces": {
				"east": {"uv": [15, 0, 16, 16], "texture": "#glass", "cullface": "east"},
				"west": {"uv": [0, 0, 1, 16], "texture": "#glass", "cullface": "west"},
				"up": {"uv": [0, 15, 16, 16], "texture": "#glass", "cullface": "up"},
				"down": {"uv": [0, 0, 16, 1], "texture": "#glass", "cullface": "down"}
			}
		},
		{
			"from": [0, 0, 15],
			"to": [16, 16, 16],
            "faces": {
				"east": {"uv": [0, 0, 1, 16], "texture": "#glass", "cullface": "east"},
				"west": {"uv": [15, 0, 16, 16], "texture": "#glass", "cullface": "west"},
				"up": {"uv": [0, 0, 16, 1], "texture": "#glass", "cullface": "up"},
				"down": {"uv": [0, 15, 16, 16], "texture": "#glass", "cullface": "down"}
			}
		},
		{
			"from": [0, 15, 0],
			"to": [16, 16, 16],
            "faces": {
				"north": {"uv": [0, 0, 16, 1], "texture": "#glass", "cullface": "north"},
				"east": {"uv": [0, 0, 16, 1], "texture": "#glass", "cullface": "east"},
				"south": {"uv": [0, 0, 16, 1], "texture": "#glass", "cullface": "south"},
				"west": {"uv": [0, 0, 16, 1], "texture": "#glass", "cullface": "west"}
			}
		},
		{
			"from": [0, 0, 0],
			"to": [16, 1, 16],
            "faces": {
				"north": {"uv": [0, 15, 16, 16], "texture": "#glass", "cullface": "north"},
				"east": {"uv": [0, 15, 16, 16], "texture": "#glass", "cullface": "east"},
				"south": {"uv": [0, 15, 16, 16], "texture": "#glass", "cullface": "south"},
				"west": {"uv": [0, 15, 16, 16], "texture": "#glass", "cullface": "west"}
			}
		},
		{
			"from": [0, 0, 0],
			"to": [1, 16, 16],
            "faces": {
				"north": {"uv": [15, 0, 16, 16], "texture": "#glass", "cullface": "north"},
				"south": {"uv": [0, 0, 1, 16], "texture": "#glass", "cullface": "south"},
				"up": {"uv": [0, 16, 1, 0], "texture": "#glass", "cullface": "up"},
				"down": {"uv": [0, 16, 1, 0], "texture": "#glass", "cullface": "down"}
			}
		},
		{
			"from": [15, 0, 0],
			"to": [16, 16, 16],
            "faces": {
				"north": {"uv": [0, 0, 1, 16], "texture": "#glass", "cullface": "north"},
				"south": {"uv": [15, 0, 16, 16], "texture": "#glass", "cullface": "south"},
				"up": {"uv": [15, 16, 16, 0], "texture": "#glass", "cullface": "up"},
				"down": {"uv": [15, 16, 16, 0], "texture": "#glass", "cullface": "down"}
			}
		},
        {
            "from": [0.002, 0.002, 0.002],
            "to": [15.998, 3.002, 15.998],
            "faces": {
                "up": {"texture": "#base"},
                "down": {"texture": "#base"},
                "east": {"uv": [0, 0, 16, 3], "texture": "#base", "cullface": "east"},
                "west": {"uv": [0, 0, 16, 3], "texture": "#base", "cullface": "west"},
                "north": {"uv": [0, 0, 16, 3], "texture": "#base", "cullface": "north"},
                "south": {"uv": [0, 0, 16, 3], "texture": "#base", "cullface": "south"}
            }
        }
    ],
    "textures": {
        "top": "block/oak_log_top",
        "side": "block/oak_log",
        
        "particle": "block/glass",
        "glass": "block/glass",
        "base": "block/black_concrete"
    }
}